id_file,date,venue,team1,team2,toss_winner,toss_decision,match_winner
524915,16/12/2011,Sydney Cricket Ground,Sydney Sixers,Brisbane Heat,Brisbane Heat,bat,Sydney Sixers
524916,17/12/2011,Melbourne Cricket Ground,Melbourne Stars,Sydney Thunder,Sydney Thunder,field,Sydney Thunder
524917,18/12/2011,Adelaide Oval,Adelaide Strikers,Melbourne Renegades,Melbourne Renegades,field,Adelaide Strikers
524918,18/12/2011,Western Australia Cricket Association Ground,Perth Scorchers,Hobart Hurricanes,Hobart Hurricanes,bat,Hobart Hurricanes
524919,20/12/2011,"Brisbane Cricket Ground, Woolloongabba",Brisbane Heat,Melbourne Stars,Melbourne Stars,bat,Melbourne Stars
524920,21/12/2011,Bellerive Oval,Hobart Hurricanes,Sydney Sixers,Hobart Hurricanes,bat,Hobart Hurricanes
524921,22/12/2011,Docklands Stadium,Melbourne Renegades,Perth Scorchers,Melbourne Renegades,bat,Perth Scorchers
524922,23/12/2011,Stadium Australia,Sydney Thunder,Adelaide Strikers,Adelaide Strikers,bat,Sydney Thunder
524923,27/12/2011,Sydney Cricket Ground,Sydney Sixers,Melbourne Stars,Sydney Sixers,bat,Sydney Sixers
524924,28/12/2011,Adelaide Oval,Adelaide Strikers,Hobart Hurricanes,Hobart Hurricanes,bat,Hobart Hurricanes
524925,29/12/2011,Western Australia Cricket Association Ground,Perth Scorchers,Brisbane Heat,Perth Scorchers,bat,Perth Scorchers
524926,30/12/2011,Stadium Australia,Sydney Thunder,Melbourne Renegades,Melbourne Renegades,bat,Melbourne Renegades
524927,1/01/2012,Bellerive Oval,Hobart Hurricanes,Sydney Thunder,Sydney Thunder,bat,Hobart Hurricanes
524928,2/01/2012,Docklands Stadium,Melbourne Renegades,Sydney Sixers,Sydney Sixers,bat,Melbourne Renegades
524930,4/01/2012,Melbourne Cricket Ground,Melbourne Stars,Perth Scorchers,Perth Scorchers,bat,Perth Scorchers
524933,8/01/2012,Stadium Australia,Sydney Thunder,Sydney Sixers,Sydney Sixers,bat,Sydney Sixers
524934,8/01/2012,Western Australia Cricket Association Ground,Perth Scorchers,Adelaide Strikers,Perth Scorchers,bat,Perth Scorchers
524935,9/01/2012,Bellerive Oval,Hobart Hurricanes,Melbourne Stars,Melbourne Stars,bat,Melbourne Stars
524936,10/01/2012,Adelaide Oval,Adelaide Strikers,Sydney Sixers,Sydney Sixers,bat,Sydney Sixers
524938,12/01/2012,Docklands Stadium,Melbourne Renegades,Brisbane Heat,Brisbane Heat,bat,Brisbane Heat
524939,17/01/2012,"Brisbane Cricket Ground, Woolloongabba",Brisbane Heat,Sydney Thunder,Sydney Thunder,field,Brisbane Heat
524940,18/01/2012,Bellerive Oval,Hobart Hurricanes,Melbourne Renegades,Melbourne Renegades,bat,Hobart Hurricanes
524941,18/01/2012,Sydney Cricket Ground,Sydney Sixers,Perth Scorchers,Sydney Sixers,bat,Sydney Sixers
524942,19/01/2012,Melbourne Cricket Ground,Melbourne Stars,Adelaide Strikers,Adelaide Strikers,bat,Melbourne Stars
524943,21/01/2012,Western Australia Cricket Association Ground,Perth Scorchers,Melbourne Stars,Perth Scorchers,bat,Perth Scorchers
524944,22/01/2012,Bellerive Oval,Hobart Hurricanes,Sydney Sixers,Sydney Sixers,bat,Sydney Sixers
524945,28/01/2012,Western Australia Cricket Association Ground,Perth Scorchers,Sydney Sixers,Perth Scorchers,bat,Sydney Sixers
571232,7/12/2012,Docklands Stadium,Melbourne Renegades,Melbourne Stars,Melbourne Stars,bat,Melbourne Renegades
571233,8/12/2012,Sydney Cricket Ground,Sydney Sixers,Sydney Thunder,Sydney Sixers,field,Sydney Sixers
571234,9/12/2012,"Brisbane Cricket Ground, Woolloongabba",Brisbane Heat,Hobart Hurricanes,Brisbane Heat,bat,Hobart Hurricanes
571235,9/12/2012,Western Australia Cricket Association Ground,Perth Scorchers,Adelaide Strikers,Perth Scorchers,bat,Adelaide Strikers
571236,12/12/2012,Western Australia Cricket Association Ground,Perth Scorchers,Melbourne Stars,Melbourne Stars,field,Melbourne Stars
571237,13/12/2012,Adelaide Oval,Adelaide Strikers,Brisbane Heat,Brisbane Heat,field,Brisbane Heat
571238,14/12/2012,Stadium Australia,Sydney Thunder,Melbourne Renegades,Melbourne Renegades,field,Melbourne Renegades
571239,15/12/2012,Melbourne Cricket Ground,Melbourne Stars,Hobart Hurricanes,Melbourne Stars,field,Melbourne Stars
571240,16/12/2012,Sydney Cricket Ground,Sydney Sixers,Perth Scorchers,Perth Scorchers,field,Perth Scorchers
571241,18/12/2012,"Brisbane Cricket Ground, Woolloongabba",Brisbane Heat,Perth Scorchers,Perth Scorchers,field,Perth Scorchers
571242,19/12/2012,Docklands Stadium,Melbourne Renegades,Hobart Hurricanes,Melbourne Renegades,field,Melbourne Renegades
571243,20/12/2012,Stadium Australia,Sydney Thunder,Adelaide Strikers,Sydney Thunder,field,Adelaide Strikers
571245,22/12/2012,Docklands Stadium,Melbourne Renegades,Brisbane Heat,Brisbane Heat,bat,Melbourne Renegades
571247,23/12/2012,Adelaide Oval,Adelaide Strikers,Sydney Sixers,Sydney Sixers,bat,Adelaide Strikers
571248,26/12/2012,Sydney Cricket Ground,Sydney Sixers,Hobart Hurricanes,Hobart Hurricanes,field,Hobart Hurricanes
571249,27/12/2012,Adelaide Oval,Adelaide Strikers,Melbourne Stars,Melbourne Stars,bat,Melbourne Stars
571250,28/12/2012,Stadium Australia,Sydney Thunder,Brisbane Heat,Sydney Thunder,bat,Brisbane Heat
571251,29/12/2012,Western Australia Cricket Association Ground,Perth Scorchers,Melbourne Renegades,Melbourne Renegades,field,Perth Scorchers
571252,30/12/2012,Stadium Australia,Sydney Thunder,Sydney Sixers,Sydney Thunder,bat,Sydney Sixers
571254,2/01/2013,Docklands Stadium,Melbourne Renegades,Adelaide Strikers,Adelaide Strikers,field,Melbourne Renegades
571256,4/01/2013,Western Australia Cricket Association Ground,Perth Scorchers,Sydney Thunder,Sydney Thunder,bat,Perth Scorchers
571258,6/01/2013,Melbourne Cricket Ground,Melbourne Stars,Melbourne Renegades,Melbourne Stars,bat,Melbourne Renegades
571259,7/01/2013,"Brisbane Cricket Ground, Woolloongabba",Brisbane Heat,Sydney Sixers,Brisbane Heat,bat,Sydney Sixers
571260,8/01/2013,Melbourne Cricket Ground,Melbourne Stars,Sydney Thunder,Melbourne Stars,bat,Melbourne Stars
571262,10/01/2013,Adelaide Oval,Adelaide Strikers,Perth Scorchers,Perth Scorchers,bat,Perth Scorchers
571264,15/01/2013,Docklands Stadium,Melbourne Renegades,Brisbane Heat,Brisbane Heat,bat,Brisbane Heat
571265,16/01/2013,Western Australia Cricket Association Ground,Perth Scorchers,Melbourne Stars,Perth Scorchers,field,Perth Scorchers
571266,19/01/2013,Western Australia Cricket Association Ground,Perth Scorchers,Brisbane Heat,Brisbane Heat,bat,Brisbane Heat
654031,20/12/2013,Melbourne Cricket Ground,Melbourne Stars,Melbourne Renegades,Melbourne Renegades,field,Melbourne Stars
654033,21/12/2013,Sydney Cricket Ground,Sydney Sixers,Sydney Thunder,Sydney Sixers,field,Sydney Sixers
654035,22/12/2013,Bellerive Oval,Hobart Hurricanes,Adelaide Strikers,Hobart Hurricanes,field,
654037,22/12/2013,"Brisbane Cricket Ground, Woolloongabba",Brisbane Heat,Perth Scorchers,Perth Scorchers,bat,Brisbane Heat
654039,26/12/2013,Western Australia Cricket Association Ground,Perth Scorchers,Melbourne Renegades,Perth Scorchers,bat,Perth Scorchers
654041,27/12/2013,Stadium Australia,Sydney Thunder,Adelaide Strikers,Sydney Thunder,field,Adelaide Strikers
654043,28/12/2013,"Brisbane Cricket Ground, Woolloongabba",Brisbane Heat,Hobart Hurricanes,Brisbane Heat,bat,Hobart Hurricanes
654045,29/12/2013,Sydney Cricket Ground,Sydney Sixers,Melbourne Stars,Sydney Sixers,field,Melbourne Stars
654047,30/12/2013,Docklands Stadium,Melbourne Renegades,Brisbane Heat,Melbourne Renegades,bat,Melbourne Renegades
654051,1/01/2014,Bellerive Oval,Hobart Hurricanes,Melbourne Renegades,Melbourne Renegades,bat,Melbourne Renegades
654053,1/01/2014,Stadium Australia,Sydney Thunder,Melbourne Stars,Sydney Thunder,bat,Melbourne Stars
654055,2/01/2014,"Brisbane Cricket Ground, Woolloongabba",Brisbane Heat,Sydney Sixers,Brisbane Heat,field,Sydney Sixers
654057,3/01/2014,Western Australia Cricket Association Ground,Perth Scorchers,Sydney Thunder,Sydney Thunder,bat,Perth Scorchers
654059,4/01/2014,Docklands Stadium,Melbourne Renegades,Melbourne Stars,Melbourne Renegades,bat,Melbourne Stars
654061,5/01/2014,Adelaide Oval,Adelaide Strikers,Sydney Sixers,Adelaide Strikers,bat,Sydney Sixers
654063,7/01/2014,Western Australia Cricket Association Ground,Perth Scorchers,Hobart Hurricanes,Perth Scorchers,bat,Perth Scorchers
654065,8/01/2014,Stadium Australia,Sydney Thunder,Brisbane Heat,Brisbane Heat,bat,Brisbane Heat
654067,9/01/2014,Melbourne Cricket Ground,Melbourne Stars,Adelaide Strikers,Adelaide Strikers,bat,Melbourne Stars
654069,10/01/2014,Sydney Cricket Ground,Sydney Sixers,Perth Scorchers,Perth Scorchers,bat,
654071,11/01/2014,Bellerive Oval,Hobart Hurricanes,Sydney Thunder,Hobart Hurricanes,bat,Hobart Hurricanes
654073,11/01/2014,"Brisbane Cricket Ground, Woolloongabba",Brisbane Heat,Melbourne Stars,Brisbane Heat,bat,Melbourne Stars
654075,14/01/2014,Docklands Stadium,Melbourne Renegades,Sydney Thunder,Melbourne Renegades,bat,Sydney Thunder
654077,15/01/2014,Sydney Cricket Ground,Sydney Sixers,Hobart Hurricanes,Sydney Sixers,bat,Sydney Sixers
654079,16/01/2014,Western Australia Cricket Association Ground,Perth Scorchers,Adelaide Strikers,Perth Scorchers,bat,Perth Scorchers
654081,18/01/2014,Adelaide Oval,Adelaide Strikers,Brisbane Heat,Brisbane Heat,bat,Brisbane Heat
654083,18/01/2014,Docklands Stadium,Melbourne Renegades,Sydney Sixers,Melbourne Renegades,field,Sydney Sixers
654085,21/01/2014,Melbourne Cricket Ground,Melbourne Stars,Hobart Hurricanes,Melbourne Stars,field,Melbourne Stars
654087,22/01/2014,Adelaide Oval,Adelaide Strikers,Melbourne Renegades,Melbourne Renegades,bat,Melbourne Renegades
654089,23/01/2014,Bellerive Oval,Hobart Hurricanes,Brisbane Heat,Hobart Hurricanes,bat,Hobart Hurricanes
654091,25/01/2014,Stadium Australia,Sydney Thunder,Sydney Sixers,Sydney Sixers,field,Sydney Sixers
654093,27/01/2014,Melbourne Cricket Ground,Melbourne Stars,Perth Scorchers,Melbourne Stars,bat,Melbourne Stars
654095,4/02/2014,Melbourne Cricket Ground,Melbourne Stars,Hobart Hurricanes,Melbourne Stars,bat,Hobart Hurricanes
654097,5/02/2014,Sydney Cricket Ground,Sydney Sixers,Perth Scorchers,Sydney Sixers,field,Perth Scorchers
654099,7/02/2014,Western Australia Cricket Association Ground,Perth Scorchers,Hobart Hurricanes,Perth Scorchers,bat,Perth Scorchers
756735,18/12/2014,Adelaide Oval,Adelaide Strikers,Melbourne Stars,Melbourne Stars,bat,Adelaide Strikers
756737,19/12/2014,Sydney Cricket Ground,Sydney Sixers,Melbourne Renegades,Sydney Sixers,field,Sydney Sixers
756739,20/12/2014,Melbourne Cricket Ground,Melbourne Stars,Hobart Hurricanes,Melbourne Stars,field,Hobart Hurricanes
756741,21/12/2014,Stadium Australia,Sydney Thunder,Brisbane Heat,Brisbane Heat,field,Sydney Thunder
756743,22/12/2014,Western Australia Cricket Association Ground,Perth Scorchers,Adelaide Strikers,Perth Scorchers,bat,Adelaide Strikers
756745,23/12/2014,Bellerive Oval,Hobart Hurricanes,Sydney Sixers,Hobart Hurricanes,bat,Sydney Sixers
756747,26/12/2014,Western Australia Cricket Association Ground,Perth Scorchers,Melbourne Renegades,Perth Scorchers,bat,Perth Scorchers
756749,27/12/2014,Stadium Australia,Sydney Thunder,Sydney Sixers,Sydney Thunder,field,Sydney Sixers
756751,28/12/2014,"Brisbane Cricket Ground, Woolloongabba",Brisbane Heat,Melbourne Stars,Melbourne Stars,field,Brisbane Heat
756753,29/12/2014,Sydney Cricket Ground,Sydney Sixers,Perth Scorchers,Perth Scorchers,bat,Perth Scorchers
756755,30/12/2014,Docklands Stadium,Melbourne Renegades,Sydney Thunder,Melbourne Renegades,field,Melbourne Renegades
756757,31/12/2014,Adelaide Oval,Adelaide Strikers,Hobart Hurricanes,Hobart Hurricanes,bat,Adelaide Strikers
756759,1/01/2015,Western Australia Cricket Association Ground,Perth Scorchers,Sydney Thunder,Sydney Thunder,bat,Sydney Thunder
756761,2/01/2015,Bellerive Oval,Hobart Hurricanes,Brisbane Heat,Hobart Hurricanes,field,Hobart Hurricanes
756763,3/01/2015,Docklands Stadium,Melbourne Renegades,Melbourne Stars,Melbourne Renegades,field,Melbourne Stars
756765,4/01/2015,"Brisbane Cricket Ground, Woolloongabba",Brisbane Heat,Adelaide Strikers,Adelaide Strikers,field,Adelaide Strikers
756767,5/01/2015,Melbourne Cricket Ground,Melbourne Stars,Sydney Sixers,Melbourne Stars,field,
756769,6/01/2015,Adelaide Oval,Adelaide Strikers,Perth Scorchers,Adelaide Strikers,field,Perth Scorchers
756789,7/01/2015,Bellerive Oval,Hobart Hurricanes,Melbourne Renegades,Hobart Hurricanes,field,Melbourne Renegades
756773,8/01/2015,Western Australia Cricket Association Ground,Perth Scorchers,Brisbane Heat,Brisbane Heat,bat,Perth Scorchers
756777,10/01/2015,Melbourne Cricket Ground,Melbourne Stars,Melbourne Renegades,Melbourne Renegades,bat,Melbourne Stars
756779,11/01/2015,Bellerive Oval,Hobart Hurricanes,Perth Scorchers,Perth Scorchers,bat,Perth Scorchers
756781,11/01/2015,"Brisbane Cricket Ground, Woolloongabba",Brisbane Heat,Sydney Sixers,Sydney Sixers,field,Sydney Sixers
756783,12/01/2015,Adelaide Oval,Adelaide Strikers,Sydney Thunder,Sydney Thunder,field,
756785,13/01/2015,Docklands Stadium,Melbourne Renegades,Brisbane Heat,Melbourne Renegades,field,Melbourne Renegades
756787,14/01/2015,Sydney Cricket Ground,Sydney Sixers,Adelaide Strikers,Adelaide Strikers,bat,Adelaide Strikers
756797,15/01/2015,"Brisbane Cricket Ground, Woolloongabba",Brisbane Heat,Hobart Hurricanes,Hobart Hurricanes,field,Brisbane Heat
756791,17/01/2015,Sydney Showground Stadium,Sydney Thunder,Melbourne Stars,Melbourne Stars,field,Melbourne Stars
756793,19/01/2015,Docklands Stadium,Melbourne Renegades,Adelaide Strikers,Adelaide Strikers,bat,Adelaide Strikers
756795,21/01/2015,Melbourne Cricket Ground,Melbourne Stars,Perth Scorchers,Perth Scorchers,bat,Melbourne Stars
756775,22/01/2015,Sydney Cricket Ground,Sydney Sixers,Sydney Thunder,Sydney Sixers,field,Sydney Sixers
756799,24/01/2015,Adelaide Oval,Adelaide Strikers,Sydney Sixers,Sydney Sixers,bat,Sydney Sixers
756801,25/01/2015,Western Australia Cricket Association Ground,Perth Scorchers,Melbourne Stars,Perth Scorchers,bat,Perth Scorchers
756803,28/01/2015,Manuka Oval,Perth Scorchers,Sydney Sixers,Sydney Sixers,bat,Perth Scorchers
897697,18/12/2015,Adelaide Oval,Adelaide Strikers,Melbourne Stars,Melbourne Stars,field,Adelaide Strikers
897699,19/12/2015,"Brisbane Cricket Ground, Woolloongabba",Brisbane Heat,Melbourne Renegades,Brisbane Heat,bat,Melbourne Renegades
897701,20/12/2015,Sydney Cricket Ground,Sydney Sixers,Hobart Hurricanes,Sydney Sixers,bat,Sydney Sixers
897705,21/12/2015,Western Australia Cricket Association Ground,Perth Scorchers,Adelaide Strikers,Perth Scorchers,bat,Adelaide Strikers
897707,22/12/2015,Bellerive Oval,Hobart Hurricanes,Brisbane Heat,Hobart Hurricanes,bat,Hobart Hurricanes
897709,23/12/2015,Docklands Stadium,Melbourne Renegades,Sydney Sixers,Sydney Sixers,field,Sydney Sixers
897711,26/12/2015,Western Australia Cricket Association Ground,Perth Scorchers,Brisbane Heat,Brisbane Heat,bat,Perth Scorchers
897713,27/12/2015,Sydney Cricket Ground,Sydney Sixers,Melbourne Stars,Sydney Sixers,bat,Melbourne Stars
897715,28/12/2015,Sydney Showground Stadium,Sydney Thunder,Adelaide Strikers,Adelaide Strikers,bat,Sydney Thunder
897717,29/12/2015,"Brisbane Cricket Ground, Woolloongabba",Brisbane Heat,Hobart Hurricanes,Hobart Hurricanes,bat,Hobart Hurricanes
897719,30/12/2015,Docklands Stadium,Melbourne Renegades,Perth Scorchers,Perth Scorchers,field,Perth Scorchers
897721,31/12/2015,Adelaide Oval,Adelaide Strikers,Sydney Sixers,Adelaide Strikers,field,Adelaide Strikers
897723,1/01/2016,Bellerive Oval,Hobart Hurricanes,Sydney Thunder,Sydney Thunder,field,Hobart Hurricanes
897725,2/01/2016,Melbourne Cricket Ground,Melbourne Stars,Melbourne Renegades,Melbourne Stars,field,Melbourne Stars
897727,2/01/2016,Western Australia Cricket Association Ground,Perth Scorchers,Sydney Sixers,Sydney Sixers,bat,Perth Scorchers
897729,3/01/2016,"Brisbane Cricket Ground, Woolloongabba",Brisbane Heat,Sydney Thunder,Brisbane Heat,field,Brisbane Heat
897731,4/01/2016,Bellerive Oval,Hobart Hurricanes,Melbourne Renegades,Melbourne Renegades,field,Melbourne Renegades
897733,5/01/2016,Adelaide Oval,Adelaide Strikers,Perth Scorchers,Adelaide Strikers,bat,Adelaide Strikers
897735,6/01/2016,Melbourne Cricket Ground,Melbourne Stars,Hobart Hurricanes,Melbourne Stars,field,Melbourne Stars
897737,7/01/2016,Sydney Showground Stadium,Sydney Thunder,Perth Scorchers,Sydney Thunder,field,Perth Scorchers
897739,8/01/2016,"Brisbane Cricket Ground, Woolloongabba",Brisbane Heat,Adelaide Strikers,Adelaide Strikers,field,Adelaide Strikers
897741,9/01/2016,Docklands Stadium,Melbourne Renegades,Melbourne Stars,Melbourne Stars,field,Melbourne Stars
897743,10/01/2016,Bellerive Oval,Hobart Hurricanes,Perth Scorchers,Perth Scorchers,bat,Perth Scorchers
897745,10/01/2016,Sydney Cricket Ground,Sydney Sixers,Brisbane Heat,Brisbane Heat,bat,Brisbane Heat
897747,11/01/2016,Sydney Showground Stadium,Sydney Thunder,Melbourne Renegades,Sydney Thunder,bat,Melbourne Renegades
897749,13/01/2016,Adelaide Oval,Adelaide Strikers,Hobart Hurricanes,Hobart Hurricanes,bat,Adelaide Strikers
897751,14/01/2016,Melbourne Cricket Ground,Melbourne Stars,Brisbane Heat,Melbourne Stars,field,Brisbane Heat
897753,16/01/2016,Sydney Cricket Ground,Sydney Sixers,Sydney Thunder,Sydney Sixers,field,Sydney Thunder
897757,18/01/2016,Docklands Stadium,Melbourne Renegades,Adelaide Strikers,Melbourne Renegades,field,Adelaide Strikers
897759,21/01/2016,Adelaide Oval,Adelaide Strikers,Sydney Thunder,Adelaide Strikers,bat,Sydney Thunder
897761,22/01/2016,Melbourne Cricket Ground,Melbourne Stars,Perth Scorchers,Melbourne Stars,field,Melbourne Stars
897763,24/01/2016,Melbourne Cricket Ground,Melbourne Stars,Sydney Thunder,Sydney Thunder,field,Sydney Thunder
1023581,20/12/2016,Sydney Showground Stadium,Sydney Thunder,Sydney Sixers,Sydney Sixers,field,Sydney Sixers
1023583,21/12/2016,Adelaide Oval,Adelaide Strikers,Brisbane Heat,Adelaide Strikers,field,Brisbane Heat
1023585,22/12/2016,Docklands Stadium,Melbourne Renegades,Sydney Thunder,Sydney Thunder,field,Melbourne Renegades
1023587,23/12/2016,Sydney Cricket Ground,Sydney Sixers,Hobart Hurricanes,Sydney Sixers,field,Hobart Hurricanes
1023589,23/12/2016,Western Australia Cricket Association Ground,Perth Scorchers,Adelaide Strikers,Adelaide Strikers,field,Perth Scorchers
1023591,26/12/2016,Bellerive Oval,Hobart Hurricanes,Melbourne Stars,Hobart Hurricanes,bat,Melbourne Stars
1023593,27/12/2016,Sydney Cricket Ground,Sydney Sixers,Perth Scorchers,Perth Scorchers,bat,Sydney Sixers
1023595,28/12/2016,Sydney Showground Stadium,Sydney Thunder,Brisbane Heat,Brisbane Heat,field,Brisbane Heat
1023597,29/12/2016,Docklands Stadium,Melbourne Renegades,Perth Scorchers,Perth Scorchers,field,Perth Scorchers
1023599,30/12/2016,"Brisbane Cricket Ground, Woolloongabba",Brisbane Heat,Hobart Hurricanes,Brisbane Heat,field,Brisbane Heat
1023601,31/12/2016,Adelaide Oval,Adelaide Strikers,Sydney Sixers,Sydney Sixers,field,Adelaide Strikers
1023603,1/01/2017,Melbourne Cricket Ground,Melbourne Stars,Melbourne Renegades,Melbourne Stars,field,Melbourne Renegades
1023605,1/01/2017,Western Australia Cricket Association Ground,Perth Scorchers,Sydney Thunder,Sydney Thunder,field,Perth Scorchers
1023607,2/01/2017,Bellerive Oval,Hobart Hurricanes,Adelaide Strikers,Hobart Hurricanes,field,Hobart Hurricanes
1023609,3/01/2017,"Brisbane Cricket Ground, Woolloongabba",Brisbane Heat,Sydney Sixers,Sydney Sixers,field,Sydney Sixers
1023611,4/01/2017,Sydney Showground Stadium,Sydney Thunder,Melbourne Stars,Sydney Thunder,field,Sydney Thunder
1023613,5/01/2017,Western Australia Cricket Association Ground,Perth Scorchers,Brisbane Heat,Perth Scorchers,bat,Brisbane Heat
1023615,6/01/2017,Adelaide Oval,Adelaide Strikers,Hobart Hurricanes,Adelaide Strikers,field,Adelaide Strikers
1023617,7/01/2017,Docklands Stadium,Melbourne Renegades,Melbourne Stars,Melbourne Renegades,field,Melbourne Stars
1023619,8/01/2017,Bellerive Oval,Hobart Hurricanes,Sydney Thunder,Sydney Thunder,field,Sydney Thunder
1023621,9/01/2017,Sydney Cricket Ground,Sydney Sixers,Melbourne Renegades,Melbourne Renegades,bat,Sydney Sixers
1023623,10/01/2017,Melbourne Cricket Ground,Melbourne Stars,Adelaide Strikers,Melbourne Stars,field,Melbourne Stars
1023625,11/01/2017,"Brisbane Cricket Ground, Woolloongabba",Brisbane Heat,Perth Scorchers,Brisbane Heat,field,Perth Scorchers
1023627,12/01/2017,Docklands Stadium,Melbourne Renegades,Hobart Hurricanes,Hobart Hurricanes,field,Hobart Hurricanes
1023629,14/01/2017,Sydney Cricket Ground,Sydney Sixers,Sydney Thunder,Sydney Sixers,bat,Sydney Thunder
1023631,14/01/2017,Western Australia Cricket Association Ground,Perth Scorchers,Melbourne Stars,Perth Scorchers,bat,Melbourne Stars
1023633,16/01/2017,Adelaide Oval,Adelaide Strikers,Melbourne Renegades,Adelaide Strikers,field,Melbourne Renegades
1023635,17/01/2017,Melbourne Cricket Ground,Melbourne Stars,Brisbane Heat,Melbourne Stars,bat,Brisbane Heat
1023637,18/01/2017,Sydney Showground Stadium,Sydney Thunder,Adelaide Strikers,Sydney Thunder,field,Adelaide Strikers
1023639,20/01/2017,"Brisbane Cricket Ground, Woolloongabba",Brisbane Heat,Melbourne Renegades,Brisbane Heat,field,Melbourne Renegades
1023641,21/01/2017,Bellerive Oval,Hobart Hurricanes,Perth Scorchers,Perth Scorchers,field,Perth Scorchers
1023643,21/01/2017,Melbourne Cricket Ground,Melbourne Stars,Sydney Sixers,Sydney Sixers,field,Sydney Sixers
1023645,24/01/2017,Western Australia Cricket Association Ground,Perth Scorchers,Melbourne Stars,Perth Scorchers,field,Perth Scorchers
1023647,25/01/2017,"Brisbane Cricket Ground, Woolloongabba",Brisbane Heat,Sydney Sixers,Sydney Sixers,field,
1023649,28/01/2017,Western Australia Cricket Association Ground,Perth Scorchers,Sydney Sixers,Perth Scorchers,field,Perth Scorchers
1114856,19/12/2017,Sydney Showground Stadium,Sydney Thunder,Sydney Sixers,Sydney Thunder,field,Sydney Thunder
1114857,20/12/2017,"Brisbane Cricket Ground, Woolloongabba",Brisbane Heat,Melbourne Stars,Melbourne Stars,field,Brisbane Heat
1114858,21/12/2017,Bellerive Oval,Hobart Hurricanes,Melbourne Renegades,Melbourne Renegades,field,Melbourne Renegades
1114859,22/12/2017,Adelaide Oval,Adelaide Strikers,Sydney Thunder,Adelaide Strikers,bat,Adelaide Strikers
1114860,23/12/2017,Sydney Cricket Ground,Sydney Sixers,Perth Scorchers,Perth Scorchers,field,Perth Scorchers
1114861,23/12/2017,Docklands Stadium,Melbourne Renegades,Brisbane Heat,Melbourne Renegades,field,Melbourne Renegades
1114862,26/12/2017,W.A.C.A. Ground,Perth Scorchers,Melbourne Stars,Melbourne Stars,field,Perth Scorchers
1114863,27/12/2017,"Brisbane Cricket Ground, Woolloongabba",Brisbane Heat,Sydney Thunder,Sydney Thunder,bat,Brisbane Heat
1114864,28/12/2017,Sydney Cricket Ground,Sydney Sixers,Adelaide Strikers,Sydney Sixers,field,Adelaide Strikers
1114865,29/12/2017,Docklands Stadium,Melbourne Renegades,Perth Scorchers,Perth Scorchers,field,Perth Scorchers
1114866,30/12/2017,Aurora Stadium,Hobart Hurricanes,Sydney Thunder,Hobart Hurricanes,field,Sydney Thunder
1114867,31/12/2017,Adelaide Oval,Adelaide Strikers,Brisbane Heat,Adelaide Strikers,bat,Adelaide Strikers
1114868,1/01/2018,Sydney Showground Stadium,Sydney Thunder,Hobart Hurricanes,Sydney Thunder,field,Hobart Hurricanes
1114869,1/01/2018,W.A.C.A. Ground,Perth Scorchers,Sydney Sixers,Perth Scorchers,field,Perth Scorchers
1114870,2/01/2018,Melbourne Cricket Ground,Melbourne Stars,Brisbane Heat,Brisbane Heat,field,Brisbane Heat
1114871,3/01/2018,"Simonds Stadium, South Geelong, Victoria",Melbourne Renegades,Sydney Sixers,Melbourne Renegades,field,Melbourne Renegades
1114872,4/01/2018,Bellerive Oval,Hobart Hurricanes,Adelaide Strikers,Hobart Hurricanes,bat,Hobart Hurricanes
1114873,5/01/2018,"Brisbane Cricket Ground, Woolloongabba",Brisbane Heat,Perth Scorchers,Perth Scorchers,field,Brisbane Heat
1114874,6/01/2018,Melbourne Cricket Ground,Melbourne Stars,Melbourne Renegades,Melbourne Renegades,field,Melbourne Renegades
1114875,7/01/2018,Sydney Showground Stadium,Sydney Thunder,Adelaide Strikers,Adelaide Strikers,bat,Adelaide Strikers
1114876,8/01/2018,Bellerive Oval,Hobart Hurricanes,Sydney Sixers,Hobart Hurricanes,bat,Hobart Hurricanes
1114877,8/01/2018,W.A.C.A. Ground,Perth Scorchers,Melbourne Renegades,Perth Scorchers,field,Perth Scorchers
1114878,9/01/2018,Adelaide Oval,Adelaide Strikers,Melbourne Stars,Melbourne Stars,bat,Adelaide Strikers
1114879,10/01/2018,"Brisbane Cricket Ground, Woolloongabba",Brisbane Heat,Hobart Hurricanes,Hobart Hurricanes,bat,Hobart Hurricanes
1114880,11/01/2018,Sydney Showground Stadium,Sydney Thunder,Perth Scorchers,Sydney Thunder,bat,Sydney Thunder
1114881,12/01/2018,Docklands Stadium,Melbourne Renegades,Melbourne Stars,Melbourne Renegades,field,Melbourne Stars
1114882,13/01/2018,Traeger Park,Adelaide Strikers,Perth Scorchers,Perth Scorchers,field,Perth Scorchers
1114883,13/01/2018,Sydney Cricket Ground,Sydney Sixers,Sydney Thunder,Sydney Sixers,field,Sydney Sixers
1114884,15/01/2018,Bellerive Oval,Hobart Hurricanes,Brisbane Heat,Brisbane Heat,bat,Hobart Hurricanes
1114885,16/01/2018,Melbourne Cricket Ground,Melbourne Stars,Sydney Sixers,Sydney Sixers,field,Sydney Sixers
1114886,17/01/2018,Adelaide Oval,Adelaide Strikers,Hobart Hurricanes,Adelaide Strikers,bat,Adelaide Strikers
1114887,18/01/2018,Sydney Cricket Ground,Sydney Sixers,Brisbane Heat,Sydney Sixers,field,Sydney Sixers
1114888,20/01/2018,Melbourne Cricket Ground,Melbourne Stars,Sydney Thunder,Sydney Thunder,field,Sydney Thunder
1114889,20/01/2018,W.A.C.A. Ground,Perth Scorchers,Hobart Hurricanes,Perth Scorchers,field,Perth Scorchers
1114890,22/01/2018,Docklands Stadium,Melbourne Renegades,Adelaide Strikers,Melbourne Renegades,field,Adelaide Strikers
1114891,23/01/2018,Sydney Cricket Ground,Sydney Sixers,Melbourne Stars,Sydney Sixers,field,Sydney Sixers
1114892,24/01/2018,Manuka Oval,Sydney Thunder,Melbourne Renegades,Sydney Thunder,field,Melbourne Renegades
1114893,25/01/2018,W.A.C.A. Ground,Perth Scorchers,Adelaide Strikers,Perth Scorchers,field,Perth Scorchers
1114894,27/01/2018,Melbourne Cricket Ground,Melbourne Stars,Hobart Hurricanes,Melbourne Stars,field,Melbourne Stars
1114895,27/01/2018,"Brisbane Cricket Ground, Woolloongabba",Brisbane Heat,Melbourne Renegades,Brisbane Heat,field,Melbourne Renegades
1114896,1/02/2018,Perth Stadium,Perth Scorchers,Hobart Hurricanes,Perth Scorchers,field,Hobart Hurricanes
1114897,2/02/2018,Adelaide Oval,Adelaide Strikers,Melbourne Renegades,Adelaide Strikers,bat,Adelaide Strikers
1114898,4/02/2018,Adelaide Oval,Adelaide Strikers,Hobart Hurricanes,Adelaide Strikers,bat,Adelaide Strikers
1152511,19/12/2018,"Brisbane Cricket Ground, Woolloongabba",Brisbane Heat,Adelaide Strikers,Adelaide Strikers,field,Adelaide Strikers
1152512,20/12/2018,Docklands Stadium,Melbourne Renegades,Perth Scorchers,Melbourne Renegades,field,Melbourne Renegades
1152513,21/12/2018,Manuka Oval,Sydney Thunder,Melbourne Stars,Melbourne Stars,field,Sydney Thunder
1152514,22/12/2018,Sydney Cricket Ground,Sydney Sixers,Perth Scorchers,Sydney Sixers,bat,Sydney Sixers
1152515,22/12/2018,Carrara Oval,Brisbane Heat,Hobart Hurricanes,Brisbane Heat,field,Hobart Hurricanes
1152516,23/12/2018,Adelaide Oval,Adelaide Strikers,Melbourne Renegades,Melbourne Renegades,field,Melbourne Renegades
1152517,24/12/2018,Bellerive Oval,Hobart Hurricanes,Melbourne Stars,Hobart Hurricanes,field,Hobart Hurricanes
1152518,24/12/2018,Sydney Showground Stadium,Sydney Thunder,Sydney Sixers,Sydney Sixers,field,Sydney Thunder
1152519,26/12/2018,Perth Stadium,Perth Scorchers,Adelaide Strikers,Perth Scorchers,field,Perth Scorchers
1152520,27/12/2018,Sydney Cricket Ground,Sydney Sixers,Melbourne Stars,Melbourne Stars,field,Melbourne Stars
1152521,28/12/2018,Bellerive Oval,Hobart Hurricanes,Sydney Thunder,Hobart Hurricanes,field,Hobart Hurricanes
1152522,29/12/2018,Docklands Stadium,Melbourne Renegades,Sydney Sixers,Melbourne Renegades,field,Sydney Sixers
1152523,30/12/2018,Aurora Stadium,Hobart Hurricanes,Perth Scorchers,Hobart Hurricanes,field,Hobart Hurricanes
1152524,31/12/2018,Adelaide Oval,Adelaide Strikers,Sydney Thunder,Adelaide Strikers,bat,Adelaide Strikers
1152525,1/01/2019,Carrara Oval,Brisbane Heat,Sydney Sixers,Sydney Sixers,field,Sydney Sixers
1152526,1/01/2019,Melbourne Cricket Ground,Melbourne Stars,Melbourne Renegades,Melbourne Stars,field,Melbourne Stars
1152527,2/01/2019,Sydney Showground Stadium,Sydney Thunder,Perth Scorchers,Sydney Thunder,bat,Sydney Thunder
1152528,3/01/2019,"Simonds Stadium, South Geelong, Victoria",Melbourne Renegades,Adelaide Strikers,Melbourne Renegades,field,Adelaide Strikers
1152529,4/01/2019,Bellerive Oval,Hobart Hurricanes,Sydney Sixers,Hobart Hurricanes,field,Hobart Hurricanes
1152530,5/01/2019,Carrara Oval,Melbourne Stars,Sydney Thunder,Sydney Thunder,bat,Melbourne Stars
1152531,5/01/2019,Perth Stadium,Perth Scorchers,Brisbane Heat,Brisbane Heat,field,Brisbane Heat
1152532,6/01/2019,Adelaide Oval,Adelaide Strikers,Sydney Sixers,Adelaide Strikers,bat,Sydney Sixers
1152533,7/01/2019,Docklands Stadium,Melbourne Renegades,Hobart Hurricanes,Melbourne Renegades,field,Melbourne Renegades
1152534,8/01/2019,Sydney Showground Stadium,Sydney Thunder,Brisbane Heat,Sydney Thunder,field,Brisbane Heat
1152535,9/01/2019,Melbourne Cricket Ground,Melbourne Stars,Perth Scorchers,Perth Scorchers,field,Perth Scorchers
1152536,10/01/2019,"Brisbane Cricket Ground, Woolloongabba",Brisbane Heat,Melbourne Renegades,Melbourne Renegades,field,Melbourne Renegades
1152537,11/01/2019,Adelaide Oval,Adelaide Strikers,Melbourne Stars,Melbourne Stars,field,Adelaide Strikers
1152538,13/01/2019,Sydney Showground Stadium,Sydney Thunder,Adelaide Strikers,Sydney Thunder,bat,Sydney Thunder
1152539,13/01/2019,Geelong Cricket Ground,Melbourne Renegades,Brisbane Heat,Melbourne Renegades,field,Brisbane Heat
1152540,13/01/2019,Perth Stadium,Perth Scorchers,Sydney Sixers,Perth Scorchers,field,Perth Scorchers
1152541,14/01/2019,Melbourne Cricket Ground,Melbourne Stars,Hobart Hurricanes,Melbourne Stars,field,Hobart Hurricanes
1152542,16/01/2019,Sydney Cricket Ground,Sydney Sixers,Melbourne Renegades,Melbourne Renegades,field,Melbourne Renegades
1152543,17/01/2019,"Brisbane Cricket Ground, Woolloongabba",Brisbane Heat,Sydney Thunder,Sydney Thunder,bat,
1152544,18/01/2019,Perth Stadium,Perth Scorchers,Hobart Hurricanes,Hobart Hurricanes,field,Hobart Hurricanes
1152545,19/01/2019,Docklands Stadium,Melbourne Renegades,Melbourne Stars,Melbourne Stars,field,Melbourne Stars
1152546,20/01/2019,Sydney Cricket Ground,Sydney Sixers,Brisbane Heat,Brisbane Heat,field,Sydney Sixers
1152547,21/01/2019,Adelaide Oval,Adelaide Strikers,Hobart Hurricanes,Adelaide Strikers,bat,Hobart Hurricanes
1152548,22/01/2019,Sydney Showground Stadium,Sydney Thunder,Melbourne Renegades,Sydney Thunder,field,Melbourne Renegades
1152549,23/01/2019,Ted Summerton Reserve,Melbourne Stars,Adelaide Strikers,Adelaide Strikers,field,Melbourne Stars
1152550,23/01/2019,Sydney Cricket Ground,Sydney Sixers,Hobart Hurricanes,Sydney Sixers,field,Sydney Sixers
1152551,24/01/2019,Perth Stadium,Perth Scorchers,Sydney Thunder,Sydney Thunder,field,Sydney Thunder
1152552,27/01/2019,Melbourne Cricket Ground,Melbourne Stars,Brisbane Heat,Brisbane Heat,field,Melbourne Stars
1152553,28/01/2019,Perth Stadium,Perth Scorchers,Melbourne Renegades,Perth Scorchers,field,Melbourne Renegades
1152554,29/01/2019,Bellerive Oval,Hobart Hurricanes,Brisbane Heat,Hobart Hurricanes,field,Hobart Hurricanes
1152555,29/01/2019,Sydney Cricket Ground,Sydney Sixers,Adelaide Strikers,Sydney Sixers,field,Sydney Sixers
1152556,30/01/2019,Docklands Stadium,Melbourne Renegades,Sydney Thunder,Melbourne Renegades,bat,Melbourne Renegades
1152557,31/01/2019,Aurora Stadium,Hobart Hurricanes,Adelaide Strikers,Adelaide Strikers,field,Adelaide Strikers
1152558,1/02/2019,"Brisbane Cricket Ground, Woolloongabba",Brisbane Heat,Perth Scorchers,Brisbane Heat,field,Brisbane Heat
1152559,2/02/2019,Sydney Cricket Ground,Sydney Sixers,Sydney Thunder,Sydney Sixers,field,Sydney Sixers
1152560,3/02/2019,Adelaide Oval,Adelaide Strikers,Brisbane Heat,Brisbane Heat,field,Brisbane Heat
1152561,3/02/2019,Perth Stadium,Perth Scorchers,Melbourne Stars,Melbourne Stars,field,Perth Scorchers
1152562,7/02/2019,Bellerive Oval,Hobart Hurricanes,Melbourne Renegades,Melbourne Renegades,field,Hobart Hurricanes
1152563,8/02/2019,"Brisbane Cricket Ground, Woolloongabba",Brisbane Heat,Melbourne Stars,Brisbane Heat,field,Brisbane Heat
1152564,9/02/2019,Adelaide Oval,Adelaide Strikers,Perth Scorchers,Perth Scorchers,bat,Adelaide Strikers
1152565,9/02/2019,Manuka Oval,Sydney Thunder,Hobart Hurricanes,Sydney Thunder,field,Sydney Thunder
1152566,10/02/2019,Melbourne Cricket Ground,Melbourne Stars,Sydney Sixers,Sydney Sixers,field,Melbourne Stars
1152567,14/02/2019,Bellerive Oval,Hobart Hurricanes,Melbourne Stars,Melbourne Stars,field,Melbourne Stars
1152568,15/02/2019,Docklands Stadium,Melbourne Renegades,Sydney Sixers,Melbourne Renegades,field,Melbourne Renegades
1152569,17/02/2019,Docklands Stadium,Melbourne Stars,Melbourne Renegades,Melbourne Stars,field,Melbourne Renegades
1195573,17/12/2019,"Brisbane Cricket Ground, Woolloongabba",Brisbane Heat,Sydney Thunder,Sydney Thunder,bat,Sydney Thunder
1195574,18/12/2019,Sydney Cricket Ground,Sydney Sixers,Perth Scorchers,Sydney Sixers,field,Sydney Sixers
1195575,19/12/2019,"Simonds Stadium, South Geelong, Victoria",Melbourne Renegades,Sydney Thunder,Melbourne Renegades,bat,Sydney Thunder
1195576,20/12/2019,Traeger Park,Hobart Hurricanes,Sydney Sixers,Hobart Hurricanes,bat,Hobart Hurricanes
1195577,20/12/2019,Carrara Oval,Brisbane Heat,Melbourne Stars,Brisbane Heat,field,Melbourne Stars
1195578,21/12/2019,Manuka Oval,Sydney Thunder,Adelaide Strikers,Sydney Thunder,field,
1195579,21/12/2019,Perth Stadium,Perth Scorchers,Melbourne Renegades,Melbourne Renegades,field,Perth Scorchers
1195580,22/12/2019,Ted Summerton Reserve,Melbourne Stars,Hobart Hurricanes,Melbourne Stars,bat,Melbourne Stars
1195581,22/12/2019,Sydney Cricket Ground,Sydney Sixers,Brisbane Heat,Sydney Sixers,field,Brisbane Heat
1195582,23/12/2019,Adelaide Oval,Adelaide Strikers,Perth Scorchers,Perth Scorchers,field,Adelaide Strikers
1195583,24/12/2019,Bellerive Oval,Hobart Hurricanes,Melbourne Renegades,Melbourne Renegades,bat,Hobart Hurricanes
1195584,26/12/2019,Perth Stadium,Perth Scorchers,Sydney Sixers,Perth Scorchers,field,Sydney Sixers
1195585,27/12/2019,Carrara Oval,Melbourne Stars,Adelaide Strikers,Melbourne Stars,field,Adelaide Strikers
1195586,28/12/2019,Sydney Cricket Ground,Sydney Sixers,Sydney Thunder,Sydney Thunder,bat,
1195587,29/12/2019,Docklands Stadium,Melbourne Renegades,Adelaide Strikers,Adelaide Strikers,bat,Adelaide Strikers
1195588,30/12/2019,Aurora Stadium,Hobart Hurricanes,Melbourne Stars,Melbourne Stars,field,Melbourne Stars
1195589,31/12/2019,Adelaide Oval,Adelaide Strikers,Sydney Thunder,Sydney Thunder,bat,Sydney Thunder
1195590,1/01/2020,Carrara Oval,Brisbane Heat,Perth Scorchers,Perth Scorchers,bat,Perth Scorchers
1195591,2/01/2020,Sydney Showground Stadium,Sydney Thunder,Melbourne Stars,Sydney Thunder,bat,Melbourne Stars
1195592,2/01/2020,Docklands Stadium,Melbourne Renegades,Sydney Sixers,Melbourne Renegades,bat,Sydney Sixers
1195593,3/01/2020,Bellerive Oval,Hobart Hurricanes,Brisbane Heat,Hobart Hurricanes,field,Brisbane Heat
1195594,4/01/2020,Melbourne Cricket Ground,Melbourne Stars,Melbourne Renegades,Melbourne Stars,field,Melbourne Stars
1195595,5/01/2020,International Sports Stadium,Sydney Sixers,Adelaide Strikers,Adelaide Strikers,bat,Sydney Sixers
1195596,5/01/2020,Perth Stadium,Perth Scorchers,Hobart Hurricanes,Hobart Hurricanes,bat,Hobart Hurricanes
1195597,6/01/2020,Sydney Showground Stadium,Sydney Thunder,Brisbane Heat,Brisbane Heat,bat,Brisbane Heat
1195598,7/01/2020,"Simonds Stadium, South Geelong, Victoria",Melbourne Renegades,Perth Scorchers,Perth Scorchers,field,Perth Scorchers
1195599,8/01/2020,Adelaide Oval,Adelaide Strikers,Sydney Sixers,Sydney Sixers,field,Sydney Sixers
1195600,8/01/2020,Melbourne Cricket Ground,Melbourne Stars,Sydney Thunder,Melbourne Stars,field,Melbourne Stars
1195601,9/01/2020,"Brisbane Cricket Ground, Woolloongabba",Brisbane Heat,Hobart Hurricanes,Hobart Hurricanes,bat,Brisbane Heat
1195602,10/01/2020,Docklands Stadium,Melbourne Renegades,Melbourne Stars,Melbourne Stars,field,Melbourne Stars
1195603,11/01/2020,Sydney Showground Stadium,Sydney Thunder,Hobart Hurricanes,Sydney Thunder,field,Sydney Thunder
1195604,11/01/2020,Perth Stadium,Perth Scorchers,Brisbane Heat,Perth Scorchers,bat,Perth Scorchers
1195605,12/01/2020,Adelaide Oval,Adelaide Strikers,Melbourne Renegades,Adelaide Strikers,bat,Adelaide Strikers
1195606,12/01/2020,Melbourne Cricket Ground,Melbourne Stars,Sydney Sixers,Sydney Sixers,field,Melbourne Stars
1195607,13/01/2020,Bellerive Oval,Hobart Hurricanes,Perth Scorchers,Hobart Hurricanes,field,Perth Scorchers
1195608,14/01/2020,"Brisbane Cricket Ground, Woolloongabba",Brisbane Heat,Adelaide Strikers,Adelaide Strikers,bat,Brisbane Heat
1195609,15/01/2020,Manuka Oval,Sydney Thunder,Melbourne Renegades,Melbourne Renegades,bat,Melbourne Renegades
1195610,15/01/2020,Perth Stadium,Perth Scorchers,Melbourne Stars,Perth Scorchers,bat,Melbourne Stars
1195611,16/01/2020,Sydney Cricket Ground,Sydney Sixers,Hobart Hurricanes,Hobart Hurricanes,field,
1195612,17/01/2020,Adelaide Oval,Adelaide Strikers,Brisbane Heat,Brisbane Heat,bat,Adelaide Strikers
1195613,18/01/2020,Melbourne Cricket Ground,Melbourne Stars,Perth Scorchers,Melbourne Stars,bat,Melbourne Stars
1195614,18/01/2020,Sydney Showground Stadium,Sydney Thunder,Sydney Sixers,Sydney Thunder,field,Sydney Thunder
1195615,19/01/2020,Aurora Stadium,Hobart Hurricanes,Adelaide Strikers,Hobart Hurricanes,field,Adelaide Strikers
1195616,19/01/2020,"Brisbane Cricket Ground, Woolloongabba",Brisbane Heat,Melbourne Renegades,Brisbane Heat,field,Melbourne Renegades
1195617,20/01/2020,Sydney Cricket Ground,Sydney Sixers,Melbourne Stars,Melbourne Stars,field,Sydney Sixers
1195618,20/01/2020,Perth Stadium,Perth Scorchers,Sydney Thunder,Sydney Thunder,bat,Perth Scorchers
1195619,21/01/2020,Docklands Stadium,Melbourne Renegades,Hobart Hurricanes,Melbourne Renegades,field,Hobart Hurricanes
1195620,22/01/2020,Adelaide Oval,Adelaide Strikers,Melbourne Stars,Melbourne Stars,field,Adelaide Strikers
1195621,23/01/2020,"Brisbane Cricket Ground, Woolloongabba",Brisbane Heat,Sydney Sixers,Sydney Sixers,field,Sydney Sixers
1195622,24/01/2020,Bellerive Oval,Hobart Hurricanes,Sydney Thunder,Hobart Hurricanes,bat,Hobart Hurricanes
1195623,24/01/2020,Perth Stadium,Perth Scorchers,Adelaide Strikers,Adelaide Strikers,bat,Adelaide Strikers
1195624,25/01/2020,Sydney Cricket Ground,Sydney Sixers,Melbourne Renegades,Sydney Sixers,field,Sydney Sixers
1195625,25/01/2020,Melbourne Cricket Ground,Melbourne Stars,Brisbane Heat,Brisbane Heat,bat,Brisbane Heat
1195626,26/01/2020,Sydney Showground Stadium,Sydney Thunder,Perth Scorchers,Perth Scorchers,bat,Sydney Thunder
1195627,26/01/2020,Adelaide Oval,Adelaide Strikers,Hobart Hurricanes,Hobart Hurricanes,bat,Hobart Hurricanes
1195628,27/01/2020,Docklands Stadium,Melbourne Renegades,Brisbane Heat,Brisbane Heat,bat,Melbourne Renegades
1195629,30/01/2020,Bellerive Oval,Hobart Hurricanes,Sydney Thunder,Sydney Thunder,bat,Sydney Thunder
1195630,31/01/2020,Melbourne Cricket Ground,Melbourne Stars,Sydney Sixers,Melbourne Stars,field,Sydney Sixers
1195631,1/02/2020,Adelaide Oval,Adelaide Strikers,Sydney Thunder,Adelaide Strikers,field,Sydney Thunder
1195632,6/02/2020,Melbourne Cricket Ground,Melbourne Stars,Sydney Thunder,Melbourne Stars,bat,Melbourne Stars
1195633,8/02/2020,Sydney Cricket Ground,Sydney Sixers,Melbourne Stars,Melbourne Stars,field,Sydney Sixers
1226852,10/12/2020,Bellerive Oval,Hobart Hurricanes,Sydney Sixers,Sydney Sixers,field,Hobart Hurricanes
1226872,11/12/2020,Manuka Oval,Brisbane Heat,Melbourne Stars,Melbourne Stars,field,Melbourne Stars
1226828,12/12/2020,Manuka Oval,Melbourne Stars,Sydney Thunder,Melbourne Stars,bat,Melbourne Stars
1226841,12/12/2020,Bellerive Oval,Perth Scorchers,Melbourne Renegades,Perth Scorchers,bat,Melbourne Renegades
1226837,13/12/2020,Bellerive Oval,Sydney Sixers,Melbourne Renegades,Melbourne Renegades,field,Sydney Sixers
1226850,13/12/2020,Bellerive Oval,Hobart Hurricanes,Adelaide Strikers,Adelaide Strikers,field,Hobart Hurricanes
1226866,14/12/2020,Manuka Oval,Brisbane Heat,Sydney Thunder,Brisbane Heat,bat,Sydney Thunder
1226863,15/12/2020,Aurora Stadium,Hobart Hurricanes,Adelaide Strikers,Adelaide Strikers,field,Adelaide Strikers
1226867,16/12/2020,Aurora Stadium,Perth Scorchers,Melbourne Stars,Melbourne Stars,field,
1226830,19/12/2020,Bellerive Oval,Melbourne Renegades,Hobart Hurricanes,Hobart Hurricanes,field,Hobart Hurricanes
1226873,20/12/2020,Bellerive Oval,Sydney Sixers,Adelaide Strikers,Adelaide Strikers,field,Sydney Sixers
1226831,22/12/2020,Manuka Oval,Perth Scorchers,Sydney Thunder,Sydney Thunder,field,Sydney Thunder
1226881,23/12/2020,Brisbane Cricket Ground,Adelaide Strikers,Brisbane Heat,Brisbane Heat,field,Adelaide Strikers
1226846,26/12/2020,Carrara Oval,Melbourne Stars,Sydney Sixers,Sydney Sixers,field,Sydney Sixers
1226874,26/12/2020,Manuka Oval,Sydney Thunder,Melbourne Renegades,Melbourne Renegades,field,Sydney Thunder
1226868,27/12/2020,Brisbane Cricket Ground,Hobart Hurricanes,Brisbane Heat,Brisbane Heat,field,Brisbane Heat
1226845,28/12/2020,Adelaide Oval,Adelaide Strikers,Perth Scorchers,Perth Scorchers,field,Adelaide Strikers
1226854,29/12/2020,Manuka Oval,Sydney Thunder,Melbourne Stars,Melbourne Stars,field,Sydney Thunder
1226877,29/12/2020,Carrara Oval,Melbourne Renegades,Sydney Sixers,Melbourne Renegades,bat,Sydney Sixers
1226875,30/12/2020,Brisbane Cricket Ground,Hobart Hurricanes,Brisbane Heat,Brisbane Heat,field,Hobart Hurricanes
1226870,31/12/2020,Adelaide Oval,Adelaide Strikers,Perth Scorchers,Perth Scorchers,field,Perth Scorchers
1226856,1/01/2021,Carrara Oval,Melbourne Renegades,Sydney Thunder,Sydney Thunder,field,Sydney Thunder
1226832,2/01/2021,Brisbane Cricket Ground,Sydney Sixers,Brisbane Heat,Sydney Sixers,bat,Brisbane Heat
1226844,2/01/2021,Bellerive Oval,Hobart Hurricanes,Melbourne Stars,Melbourne Stars,field,Hobart Hurricanes
1226842,3/01/2021,Carrara Oval,Adelaide Strikers,Sydney Sixers,Sydney Sixers,field,Sydney Sixers
1226853,3/01/2021,Perth Stadium,Perth Scorchers,Melbourne Renegades,Melbourne Renegades,field,Perth Scorchers
1226851,4/01/2021,Brisbane Cricket Ground,Sydney Thunder,Brisbane Heat,Sydney Thunder,bat,Brisbane Heat
1226879,4/01/2021,Bellerive Oval,Melbourne Stars,Hobart Hurricanes,Hobart Hurricanes,field,Melbourne Stars
1226833,5/01/2021,Adelaide Oval,Adelaide Strikers,Melbourne Renegades,Adelaide Strikers,bat,Adelaide Strikers
1226829,6/01/2021,Perth Stadium,Perth Scorchers,Sydney Sixers,Sydney Sixers,field,Perth Scorchers
1226835,7/01/2021,Carrara Oval,Brisbane Heat,Melbourne Stars,Melbourne Stars,field,Brisbane Heat
1226871,7/01/2021,Perth Stadium,Sydney Thunder,Hobart Hurricanes,Hobart Hurricanes,field,Sydney Thunder
1226826,8/01/2021,Adelaide Oval,Adelaide Strikers,Melbourne Renegades,Adelaide Strikers,bat,Melbourne Renegades
1226878,9/01/2021,Perth Stadium,Perth Scorchers,Sydney Thunder,Sydney Thunder,field,Perth Scorchers
1226855,10/01/2021,Carrara Oval,Brisbane Heat,Sydney Sixers,Sydney Sixers,field,Sydney Sixers
1226876,11/01/2021,Adelaide Oval,Melbourne Stars,Adelaide Strikers,Melbourne Stars,bat,Adelaide Strikers
1226857,12/01/2021,Perth Stadium,Hobart Hurricanes,Perth Scorchers,Hobart Hurricanes,bat,Perth Scorchers
1226861,13/01/2021,Manuka Oval,Sydney Thunder,Sydney Sixers,Sydney Sixers,field,Sydney Sixers
1226843,14/01/2021,Manuka Oval,Melbourne Renegades,Brisbane Heat,Brisbane Heat,field,Brisbane Heat
1226839,15/01/2021,Melbourne Cricket Ground,Melbourne Stars,Adelaide Strikers,Adelaide Strikers,field,Melbourne Stars
1226865,16/01/2021,Manuka Oval,Perth Scorchers,Sydney Sixers,Perth Scorchers,bat,Sydney Sixers
1226864,17/01/2021,Melbourne Cricket Ground,Melbourne Renegades,Melbourne Stars,Melbourne Renegades,bat,Melbourne Stars
1226840,18/01/2021,Manuka Oval,Sydney Thunder,Hobart Hurricanes,Hobart Hurricanes,field,Hobart Hurricanes
1226838,19/01/2021,Docklands Stadium,Perth Scorchers,Brisbane Heat,Brisbane Heat,field,Perth Scorchers
1226869,20/01/2021,Docklands Stadium,Melbourne Stars,Melbourne Renegades,Melbourne Stars,bat,Melbourne Renegades
1226859,21/01/2021,Adelaide Oval,Adelaide Strikers,Brisbane Heat,Adelaide Strikers,bat,Adelaide Strikers
1226834,22/01/2021,Docklands Stadium,Perth Scorchers,Hobart Hurricanes,Perth Scorchers,bat,Perth Scorchers
1226880,22/01/2021,Adelaide Oval,Sydney Thunder,Sydney Sixers,Sydney Sixers,field,Sydney Thunder
1226848,23/01/2021,Docklands Stadium,Brisbane Heat,Melbourne Renegades,Brisbane Heat,bat,Brisbane Heat
1226849,23/01/2021,Melbourne Cricket Ground,Perth Scorchers,Melbourne Stars,Melbourne Stars,field,Perth Scorchers
1226827,24/01/2021,Melbourne Cricket Ground,Hobart Hurricanes,Sydney Sixers,Sydney Sixers,field,Hobart Hurricanes
1226847,24/01/2021,Adelaide Oval,Adelaide Strikers,Sydney Thunder,Adelaide Strikers,bat,Adelaide Strikers
1226836,25/01/2021,Adelaide Oval,Adelaide Strikers,Sydney Thunder,Sydney Thunder,field,Sydney Thunder
1226858,26/01/2021,Melbourne Cricket Ground,Melbourne Stars,Sydney Sixers,Sydney Sixers,field,Sydney Sixers
1226860,26/01/2021,Melbourne Cricket Ground,Melbourne Renegades,Hobart Hurricanes,Hobart Hurricanes,field,Melbourne Renegades
1226862,26/01/2021,Adelaide Oval,Brisbane Heat,Perth Scorchers,Perth Scorchers,field,Brisbane Heat
1226883,29/01/2021,Brisbane Cricket Ground,Adelaide Strikers,Brisbane Heat,Adelaide Strikers,bat,Brisbane Heat
1226884,30/01/2021,Manuka Oval,Perth Scorchers,Sydney Sixers,Perth Scorchers,bat,Sydney Sixers
1226885,31/01/2021,Manuka Oval,Sydney Thunder,Brisbane Heat,Brisbane Heat,field,Brisbane Heat
1226886,4/02/2021,Manuka Oval,Perth Scorchers,Brisbane Heat,Brisbane Heat,field,Perth Scorchers
1226882,6/02/2021,Sydney Cricket Ground,Sydney Sixers,Perth Scorchers,Perth Scorchers,field,Sydney Sixers
1269638,5/12/2021,Sydney Cricket Ground,Sydney Sixers,Melbourne Stars,Melbourne Stars,field,Sydney Sixers
1269639,6/12/2021,"Manuka Oval, Canberra",Brisbane Heat,Sydney Thunder,Sydney Thunder,field,Sydney Thunder
1269640,7/12/2021,"Docklands Stadium, Melbourne",Melbourne Renegades,Adelaide Strikers,Melbourne Renegades,bat,Melbourne Renegades
1269641,8/12/2021,"Aurora Stadium, Launceston",Sydney Sixers,Hobart Hurricanes,Hobart Hurricanes,field,Sydney Sixers
1269642,8/12/2021,Perth Stadium,Perth Scorchers,Brisbane Heat,Perth Scorchers,bat,Perth Scorchers
1269643,9/12/2021,Adelaide Oval,Adelaide Strikers,Melbourne Renegades,Adelaide Strikers,bat,Adelaide Strikers
1269644,10/12/2021,Melbourne Cricket Ground,Melbourne Stars,Sydney Thunder,Sydney Thunder,field,Melbourne Stars
1269645,11/12/2021,Sydney Cricket Ground,Hobart Hurricanes,Sydney Sixers,Hobart Hurricanes,bat,Hobart Hurricanes
1269646,11/12/2021,Sydney Showground Stadium,Perth Scorchers,Adelaide Strikers,Perth Scorchers,bat,Perth Scorchers
1269647,12/12/2021,Sydney Showground Stadium,Sydney Thunder,Melbourne Stars,Melbourne Stars,field,Melbourne Stars
1269648,13/12/2021,Carrara Oval,Melbourne Renegades,Brisbane Heat,Brisbane Heat,field,Brisbane Heat
1269649,14/12/2021,"Bellerive Oval, Hobart",Perth Scorchers,Hobart Hurricanes,Perth Scorchers,bat,Perth Scorchers
1269650,15/12/2021,Melbourne Cricket Ground,Melbourne Stars,Sydney Sixers,Sydney Sixers,field,Sydney Sixers
1269651,19/12/2021,"Brisbane Cricket Ground, Woolloongabba, Brisbane",Sydney Thunder,Brisbane Heat,Brisbane Heat,field,Sydney Thunder
1269652,20/12/2021,"Bellerive Oval, Hobart",Perth Scorchers,Hobart Hurricanes,Perth Scorchers,bat,Perth Scorchers
1269653,21/12/2021,Sydney Cricket Ground,Adelaide Strikers,Sydney Sixers,Adelaide Strikers,bat,Sydney Sixers
1269654,22/12/2021,"Docklands Stadium, Melbourne",Perth Scorchers,Melbourne Renegades,Perth Scorchers,bat,Perth Scorchers
1269655,23/12/2021,Adelaide Oval,Brisbane Heat,Adelaide Strikers,Brisbane Heat,bat,Brisbane Heat
1269656,24/12/2021,"Bellerive Oval, Hobart",Hobart Hurricanes,Melbourne Stars,Hobart Hurricanes,bat,Hobart Hurricanes
1269657,26/12/2021,Sydney Showground Stadium,Sydney Sixers,Sydney Thunder,Sydney Thunder,field,Sydney Sixers
1269658,26/12/2021,"Docklands Stadium, Melbourne",Melbourne Renegades,Perth Scorchers,Melbourne Renegades,bat,Perth Scorchers
1269659,27/12/2021,"Bellerive Oval, Hobart",Adelaide Strikers,Hobart Hurricanes,Adelaide Strikers,bat,Hobart Hurricanes
1269660,27/12/2021,"Brisbane Cricket Ground, Woolloongabba, Brisbane",Melbourne Stars,Brisbane Heat,Brisbane Heat,field,Melbourne Stars
1269661,28/12/2021,"Manuka Oval, Canberra",Sydney Thunder,Perth Scorchers,Perth Scorchers,field,Sydney Thunder
1269662,29/12/2021,Sydney Cricket Ground,Brisbane Heat,Sydney Sixers,Brisbane Heat,bat,Sydney Sixers
1269663,29/12/2021,"Docklands Stadium, Melbourne",Hobart Hurricanes,Melbourne Renegades,Melbourne Renegades,field,Hobart Hurricanes
1269665,31/12/2021,Adelaide Oval,Sydney Thunder,Adelaide Strikers,Sydney Thunder,bat,Sydney Thunder
1269666,1/01/2022,"Bellerive Oval, Hobart",Brisbane Heat,Hobart Hurricanes,Hobart Hurricanes,field,Brisbane Heat
1269668,2/01/2022,"Junction Oval, Melbourne",Perth Scorchers,Melbourne Stars,Perth Scorchers,bat,Perth Scorchers
1269669,2/01/2022,Sydney Showground Stadium,Sydney Thunder,Adelaide Strikers,Sydney Thunder,bat,Sydney Thunder
1269670,3/01/2022,Melbourne Cricket Ground,Melbourne Stars,Melbourne Renegades,Melbourne Stars,bat,Melbourne Renegades
1269675,4/01/2022,Carrara Oval,Perth Scorchers,Sydney Sixers,Perth Scorchers,bat,Perth Scorchers
1269672,5/01/2022,Adelaide Oval,Hobart Hurricanes,Adelaide Strikers,Adelaide Strikers,field,Adelaide Strikers
1269673,6/01/2022,Carrara Oval,Perth Scorchers,Sydney Thunder,Perth Scorchers,bat,Sydney Thunder
1269674,6/01/2022,"GMHBA Stadium, South Geelong, Victoria",Brisbane Heat,Melbourne Renegades,Melbourne Renegades,field,Melbourne Renegades
1269677,8/01/2022,"Docklands Stadium, Melbourne",Sydney Thunder,Melbourne Renegades,Melbourne Renegades,field,Sydney Thunder
1269678,8/01/2022,"Brisbane Cricket Ground, Woolloongabba, Brisbane",Brisbane Heat,Hobart Hurricanes,Hobart Hurricanes,field,Hobart Hurricanes
1269679,9/01/2022,"International Sports Stadium, Coffs Harbour",Sydney Sixers,Perth Scorchers,Sydney Sixers,bat,Perth Scorchers
1269680,10/01/2022,Melbourne Cricket Ground,Adelaide Strikers,Melbourne Stars,Melbourne Stars,field,Melbourne Stars
1269681,10/01/2022,Melbourne Cricket Ground,Hobart Hurricanes,Sydney Thunder,Hobart Hurricanes,bat,Sydney Thunder
1269664,11/01/2022,"GMHBA Stadium, South Geelong, Victoria",Perth Scorchers,Melbourne Stars,Perth Scorchers,bat,Perth Scorchers
1269682,11/01/2022,"GMHBA Stadium, South Geelong, Victoria",Sydney Sixers,Melbourne Renegades,Sydney Sixers,bat,Sydney Sixers
1269683,12/01/2022,"Brisbane Cricket Ground, Woolloongabba, Brisbane",Adelaide Strikers,Brisbane Heat,Adelaide Strikers,bat,Adelaide Strikers
1269684,13/01/2022,"Docklands Stadium, Melbourne",Hobart Hurricanes,Sydney Thunder,Hobart Hurricanes,bat,Hobart Hurricanes
1269685,13/01/2022,"Docklands Stadium, Melbourne",Melbourne Renegades,Melbourne Stars,Melbourne Renegades,bat,Melbourne Stars
1269686,14/01/2022,Adelaide Oval,Perth Scorchers,Adelaide Strikers,Adelaide Strikers,field,Adelaide Strikers
1269676,15/01/2022,Adelaide Oval,Adelaide Strikers,Melbourne Stars,Melbourne Stars,field,Adelaide Strikers
1269687,15/01/2022,Sydney Cricket Ground,Sydney Sixers,Sydney Thunder,Sydney Thunder,field,Sydney Sixers
1269688,16/01/2022,Melbourne Cricket Ground,Brisbane Heat,Melbourne Stars,Brisbane Heat,bat,Melbourne Stars
1269689,17/01/2022,Adelaide Oval,Sydney Sixers,Adelaide Strikers,Sydney Sixers,bat,Adelaide Strikers
1269690,17/01/2022,"Docklands Stadium, Melbourne",Brisbane Heat,Perth Scorchers,Brisbane Heat,bat,Perth Scorchers
1269691,18/01/2022,"Docklands Stadium, Melbourne",Hobart Hurricanes,Melbourne Renegades,Hobart Hurricanes,bat,Hobart Hurricanes
1269692,19/01/2022,"Brisbane Cricket Ground, Woolloongabba, Brisbane",Sydney Sixers,Brisbane Heat,Brisbane Heat,field,Sydney Sixers
1269693,19/01/2022,Melbourne Cricket Ground,Melbourne Stars,Hobart Hurricanes,Hobart Hurricanes,field,Melbourne Stars
1269694,19/01/2022,Melbourne Cricket Ground,Sydney Thunder,Melbourne Renegades,Melbourne Renegades,field,Sydney Thunder
1269671,21/01/2022,Melbourne Cricket Ground,Adelaide Strikers,Hobart Hurricanes,Adelaide Strikers,bat,Adelaide Strikers
1269695,22/01/2022,"Docklands Stadium, Melbourne",Perth Scorchers,Sydney Sixers,Perth Scorchers,bat,Perth Scorchers
1269696,23/01/2022,Melbourne Cricket Ground,Adelaide Strikers,Sydney Thunder,Adelaide Strikers,bat,Adelaide Strikers
1269697,26/01/2022,Sydney Cricket Ground,Adelaide Strikers,Sydney Sixers,Sydney Sixers,field,Sydney Sixers
1269698,28/01/2022,"Docklands Stadium, Melbourne",Perth Scorchers,Sydney Sixers,Sydney Sixers,field,Perth Scorchers
1324624,13/12/2022,"Manuka Oval, Canberra",Melbourne Stars,Sydney Thunder,Sydney Thunder,field,Sydney Thunder
1324625,14/12/2022,Adelaide Oval,Adelaide Strikers,Sydney Sixers,Adelaide Strikers,bat,Adelaide Strikers
1324626,15/12/2022,"Cazaly's Stadium, Cairns",Melbourne Renegades,Brisbane Heat,Brisbane Heat,field,Melbourne Renegades
1324627,16/12/2022,Melbourne Cricket Ground,Melbourne Stars,Hobart Hurricanes,Hobart Hurricanes,field,Melbourne Stars
1324628,16/12/2022,Sydney Showground Stadium,Adelaide Strikers,Sydney Thunder,Adelaide Strikers,bat,Adelaide Strikers
1324629,17/12/2022,Perth Stadium,Perth Scorchers,Sydney Sixers,Perth Scorchers,bat,Perth Scorchers
1324630,18/12/2022,"Docklands Stadium, Melbourne",Sydney Thunder,Melbourne Renegades,Sydney Thunder,bat,Melbourne Renegades
1324631,19/12/2022,"University of Tasmania Stadium, Launceston",Hobart Hurricanes,Perth Scorchers,Hobart Hurricanes,bat,Hobart Hurricanes
1324632,20/12/2022,Adelaide Oval,Sydney Thunder,Adelaide Strikers,Sydney Thunder,bat,Adelaide Strikers
1324633,21/12/2022,"GMHBA Stadium, South Geelong, Victoria",Brisbane Heat,Melbourne Renegades,Brisbane Heat,bat,Melbourne Renegades
1324634,22/12/2022,Sydney Cricket Ground,Sydney Sixers,Hobart Hurricanes,Sydney Sixers,bat,Sydney Sixers
1324635,23/12/2022,"Junction Oval, Melbourne",Perth Scorchers,Melbourne Stars,Perth Scorchers,bat,Perth Scorchers
1324636,23/12/2022,"Brisbane Cricket Ground, Woolloongabba, Brisbane",Brisbane Heat,Adelaide Strikers,Brisbane Heat,bat,Brisbane Heat
1324637,24/12/2022,"Bellerive Oval, Hobart",Hobart Hurricanes,Melbourne Renegades,Hobart Hurricanes,bat,Hobart Hurricanes
1324638,26/12/2022,Sydney Cricket Ground,Melbourne Stars,Sydney Sixers,Sydney Sixers,field,Sydney Sixers
1324639,26/12/2022,Perth Stadium,Adelaide Strikers,Perth Scorchers,Adelaide Strikers,bat,Perth Scorchers
1324640,27/12/2022,Sydney Showground Stadium,Brisbane Heat,Sydney Thunder,Brisbane Heat,bat,Sydney Thunder
1324641,28/12/2022,Sydney Cricket Ground,Sydney Sixers,Melbourne Renegades,Melbourne Renegades,field,Sydney Sixers
1324642,29/12/2022,Carrara Oval,Sydney Thunder,Brisbane Heat,Brisbane Heat,field,Sydney Thunder
1324643,29/12/2022,Perth Stadium,Melbourne Stars,Perth Scorchers,Melbourne Stars,bat,Perth Scorchers
1324644,30/12/2022,"GMHBA Stadium, South Geelong, Victoria",Melbourne Renegades,Sydney Sixers,Melbourne Renegades,bat,Sydney Sixers
1324645,31/12/2022,"Lavington Sports Oval, Albury",Sydney Thunder,Hobart Hurricanes,Hobart Hurricanes,field,Sydney Thunder
1324646,31/12/2022,Adelaide Oval,Melbourne Stars,Adelaide Strikers,Melbourne Stars,bat,Melbourne Stars
1324647,1/01/2023,"Docklands Stadium, Melbourne",Melbourne Renegades,Perth Scorchers,Melbourne Renegades,bat,Perth Scorchers
1324648,1/01/2023,"Brisbane Cricket Ground, Woolloongabba, Brisbane",Brisbane Heat,Sydney Sixers,Brisbane Heat,bat,Brisbane Heat
1324649,2/01/2023,"Bellerive Oval, Hobart",Adelaide Strikers,Hobart Hurricanes,Adelaide Strikers,bat,Hobart Hurricanes
1324650,3/01/2023,Melbourne Cricket Ground,Melbourne Renegades,Melbourne Stars,Melbourne Stars,field,Melbourne Renegades
1324651,4/01/2023,"North Sydney Oval, Sydney",Brisbane Heat,Sydney Sixers,Sydney Sixers,field,
1324652,4/01/2023,Perth Stadium,Perth Scorchers,Sydney Thunder,Perth Scorchers,bat,Sydney Thunder
1324653,5/01/2023,Adelaide Oval,Hobart Hurricanes,Adelaide Strikers,Adelaide Strikers,field,Adelaide Strikers
1324654,6/01/2023,Melbourne Cricket Ground,Melbourne Stars,Sydney Sixers,Sydney Sixers,field,Sydney Sixers
1324655,7/01/2023,"Docklands Stadium, Melbourne",Hobart Hurricanes,Melbourne Renegades,Melbourne Renegades,field,Melbourne Renegades
1324656,7/01/2023,Perth Stadium,Brisbane Heat,Perth Scorchers,Perth Scorchers,field,Perth Scorchers
1324657,8/01/2023,Sydney Showground Stadium,Sydney Thunder,Sydney Sixers,Sydney Sixers,field,Sydney Sixers
1324658,9/01/2023,"Bellerive Oval, Hobart",Melbourne Stars,Hobart Hurricanes,Hobart Hurricanes,field,Hobart Hurricanes
1324659,10/01/2023,Adelaide Oval,Adelaide Strikers,Melbourne Renegades,Melbourne Renegades,field,Adelaide Strikers
1324660,11/01/2023,"Brisbane Cricket Ground, Woolloongabba, Brisbane",Brisbane Heat,Perth Scorchers,Perth Scorchers,field,Perth Scorchers
1324661,12/01/2023,Melbourne Cricket Ground,Adelaide Strikers,Melbourne Stars,Melbourne Stars,field,Melbourne Stars
1324662,13/01/2023,Sydney Showground Stadium,Sydney Thunder,Perth Scorchers,Perth Scorchers,field,Perth Scorchers
1324663,14/01/2023,Adelaide Oval,Brisbane Heat,Adelaide Strikers,Adelaide Strikers,field,Brisbane Heat
1324664,14/01/2023,"Docklands Stadium, Melbourne",Melbourne Renegades,Melbourne Stars,Melbourne Stars,field,Melbourne Renegades
1324665,15/01/2023,"Bellerive Oval, Hobart",Sydney Thunder,Hobart Hurricanes,Sydney Thunder,bat,Hobart Hurricanes
1324666,15/01/2023,Sydney Cricket Ground,Sydney Sixers,Perth Scorchers,Perth Scorchers,field,Sydney Sixers
1324667,16/01/2023,Melbourne Cricket Ground,Melbourne Stars,Brisbane Heat,Brisbane Heat,field,Brisbane Heat
1324668,17/01/2023,"International Sports Stadium, Coffs Harbour",Sydney Sixers,Adelaide Strikers,Adelaide Strikers,field,Sydney Sixers
1324669,18/01/2023,Perth Stadium,Hobart Hurricanes,Perth Scorchers,Hobart Hurricanes,bat,Perth Scorchers
1324670,19/01/2023,"Manuka Oval, Canberra",Melbourne Renegades,Sydney Thunder,Melbourne Renegades,bat,Sydney Thunder
1324671,20/01/2023,Adelaide Oval,Adelaide Strikers,Perth Scorchers,Adelaide Strikers,bat,Perth Scorchers
1324672,20/01/2023,"Brisbane Cricket Ground, Woolloongabba, Brisbane",Brisbane Heat,Hobart Hurricanes,Hobart Hurricanes,field,Brisbane Heat
1324673,21/01/2023,Sydney Cricket Ground,Sydney Sixers,Sydney Thunder,Sydney Sixers,bat,Sydney Sixers
1324674,22/01/2023,"Brisbane Cricket Ground, Woolloongabba, Brisbane",Brisbane Heat,Melbourne Stars,Brisbane Heat,bat,Brisbane Heat
1324675,22/01/2023,Perth Stadium,Perth Scorchers,Melbourne Renegades,Melbourne Renegades,field,Perth Scorchers
1324676,23/01/2023,"Bellerive Oval, Hobart",Sydney Sixers,Hobart Hurricanes,Hobart Hurricanes,field,Sydney Sixers
1324677,24/01/2023,"Docklands Stadium, Melbourne",Adelaide Strikers,Melbourne Renegades,Melbourne Renegades,field,Melbourne Renegades
1324678,25/01/2023,"University of Tasmania Stadium, Launceston",Hobart Hurricanes,Brisbane Heat,Brisbane Heat,field,Hobart Hurricanes
1324679,25/01/2023,Melbourne Cricket Ground,Melbourne Stars,Sydney Thunder,Sydney Thunder,field,Sydney Thunder
1324680,27/01/2023,Sydney Showground Stadium,Brisbane Heat,Sydney Thunder,Sydney Thunder,field,Brisbane Heat
1324681,28/01/2023,Perth Stadium,Sydney Sixers,Perth Scorchers,Sydney Sixers,bat,Perth Scorchers
1324682,29/01/2023,"Docklands Stadium, Melbourne",Melbourne Renegades,Brisbane Heat,Brisbane Heat,field,Brisbane Heat
1324683,2/02/2023,Sydney Cricket Ground,Sydney Sixers,Brisbane Heat,Sydney Sixers,bat,Brisbane Heat
1324684,4/02/2023,Perth Stadium,Brisbane Heat,Perth Scorchers,Brisbane Heat,bat,Perth Scorchers
1386094,7/12/2023,"Brisbane Cricket Ground, Woolloongabba, Brisbane",Brisbane Heat,Melbourne Stars,Melbourne Stars,field,Brisbane Heat
1386095,8/12/2023,Sydney Cricket Ground,Sydney Sixers,Melbourne Renegades,Melbourne Renegades,field,Sydney Sixers
1386097,10/12/2023,"GMHBA Stadium, South Geelong, Victoria",Perth Scorchers,Melbourne Renegades,Melbourne Renegades,field,
1386098,11/12/2023,"University of Tasmania Stadium, Launceston",Hobart Hurricanes,Sydney Sixers,Hobart Hurricanes,bat,Sydney Sixers
1386099,12/12/2023,"Manuka Oval, Canberra",Brisbane Heat,Sydney Thunder,Sydney Thunder,field,Brisbane Heat
1386100,13/12/2023,Melbourne Cricket Ground,Melbourne Stars,Perth Scorchers,Perth Scorchers,field,Perth Scorchers
1386101,19/12/2023,Adelaide Oval,Sydney Thunder,Adelaide Strikers,Sydney Thunder,bat,Adelaide Strikers
1386102,20/12/2023,Perth Stadium,Hobart Hurricanes,Perth Scorchers,Hobart Hurricanes,bat,Perth Scorchers
1386103,21/12/2023,"Docklands Stadium, Melbourne",Melbourne Renegades,Brisbane Heat,Brisbane Heat,field,Brisbane Heat
1386104,22/12/2023,Sydney Cricket Ground,Sydney Sixers,Adelaide Strikers,Adelaide Strikers,field,Sydney Sixers
1386105,23/12/2023,"Lavington Sports Oval, Albury",Melbourne Stars,Sydney Thunder,Melbourne Stars,bat,Sydney Thunder
1386106,23/12/2023,"Bellerive Oval, Hobart",Melbourne Renegades,Hobart Hurricanes,Hobart Hurricanes,field,Hobart Hurricanes
1386107,26/12/2023,Sydney Cricket Ground,Sydney Sixers,Melbourne Stars,Melbourne Stars,field,Melbourne Stars
1386108,26/12/2023,Perth Stadium,Perth Scorchers,Melbourne Renegades,Melbourne Renegades,field,Perth Scorchers
1386109,27/12/2023,"Brisbane Cricket Ground, Woolloongabba, Brisbane",Brisbane Heat,Sydney Thunder,Brisbane Heat,bat,Brisbane Heat
1386110,28/12/2023,"Bellerive Oval, Hobart",Hobart Hurricanes,Melbourne Stars,Melbourne Stars,field,Melbourne Stars
1386111,29/12/2023,"Docklands Stadium, Melbourne",Adelaide Strikers,Melbourne Renegades,Adelaide Strikers,bat,Melbourne Renegades
1386112,30/12/2023,Sydney Showground Stadium,Sydney Thunder,Sydney Sixers,Sydney Thunder,bat,
1386113,31/12/2023,Adelaide Oval,Adelaide Strikers,Melbourne Stars,Melbourne Stars,field,Melbourne Stars
1386114,1/01/2024,"Bellerive Oval, Hobart",Sydney Thunder,Hobart Hurricanes,Hobart Hurricanes,field,Hobart Hurricanes
1386116,2/01/2024,Melbourne Cricket Ground,Melbourne Renegades,Melbourne Stars,Melbourne Stars,field,Melbourne Stars
1386117,3/01/2024,"International Sports Stadium, Coffs Harbour",Sydney Sixers,Brisbane Heat,Brisbane Heat,field,Brisbane Heat
1386118,3/01/2024,Perth Stadium,Perth Scorchers,Adelaide Strikers,Adelaide Strikers,field,Perth Scorchers
1386119,4/01/2024,"Docklands Stadium, Melbourne",Melbourne Renegades,Hobart Hurricanes,Hobart Hurricanes,field,Hobart Hurricanes
1386120,5/01/2024,Adelaide Oval,Perth Scorchers,Adelaide Strikers,Adelaide Strikers,field,Adelaide Strikers
1386121,6/01/2024,Melbourne Cricket Ground,Melbourne Stars,Sydney Sixers,Sydney Sixers,field,Sydney Sixers
1386122,7/01/2024,"Brisbane Cricket Ground, Woolloongabba, Brisbane",Brisbane Heat,Hobart Hurricanes,Hobart Hurricanes,field,Brisbane Heat
1386123,8/01/2024,Sydney Showground Stadium,Sydney Thunder,Perth Scorchers,Perth Scorchers,field,Perth Scorchers
1386124,9/01/2024,Adelaide Oval,Hobart Hurricanes,Adelaide Strikers,Adelaide Strikers,field,Adelaide Strikers
1386125,10/01/2024,"Brisbane Cricket Ground, Woolloongabba, Brisbane",Brisbane Heat,Perth Scorchers,Brisbane Heat,bat,Brisbane Heat
1386126,11/01/2024,"Bellerive Oval, Hobart",Hobart Hurricanes,Adelaide Strikers,Adelaide Strikers,field,Adelaide Strikers
1386127,12/01/2024,Sydney Cricket Ground,Sydney Sixers,Sydney Thunder,Sydney Thunder,field,Sydney Sixers
1386128,13/01/2024,Perth Stadium,Perth Scorchers,Brisbane Heat,Perth Scorchers,bat,Perth Scorchers
1386129,13/01/2024,"Docklands Stadium, Melbourne",Melbourne Stars,Melbourne Renegades,Melbourne Renegades,field,Melbourne Renegades
1386130,14/01/2024,"Manuka Oval, Canberra",Sydney Thunder,Adelaide Strikers,Sydney Thunder,bat,Adelaide Strikers
1386131,15/01/2024,Melbourne Cricket Ground,Hobart Hurricanes,Melbourne Stars,Melbourne Stars,field,Hobart Hurricanes
1386132,16/01/2024,Perth Stadium,Perth Scorchers,Sydney Sixers,Perth Scorchers,bat,Sydney Sixers
1386134,19/01/2024,Carrara Oval,Sydney Sixers,Brisbane Heat,Brisbane Heat,field,Sydney Sixers
1386135,20/01/2024,Perth Stadium,Adelaide Strikers,Perth Scorchers,Perth Scorchers,field,Adelaide Strikers
1386136,22/01/2024,Carrara Oval,Brisbane Heat,Adelaide Strikers,Brisbane Heat,bat,Brisbane Heat
1386137,24/01/2024,Sydney Cricket Ground,Brisbane Heat,Sydney Sixers,Sydney Sixers,field,Brisbane Heat
1443057,15/12/2024,Perth Stadium,Melbourne Stars,Perth Scorchers,Melbourne Stars,bat,Perth Scorchers
1443058,16/12/2024,Sydney Cricket Ground,Melbourne Renegades,Sydney Sixers,Sydney Sixers,field,Sydney Sixers
1443059,17/12/2024,"Manuka Oval, Canberra",Adelaide Strikers,Sydney Thunder,Sydney Thunder,field,Sydney Thunder
1443060,18/12/2024,Melbourne Cricket Ground,Melbourne Stars,Brisbane Heat,Brisbane Heat,field,Brisbane Heat
1443061,19/12/2024,"GMHBA Stadium, South Geelong, Victoria",Hobart Hurricanes,Melbourne Renegades,Melbourne Renegades,field,Melbourne Renegades
1443062,20/12/2024,Adelaide Oval,Adelaide Strikers,Melbourne Stars,Melbourne Stars,field,Adelaide Strikers
1443063,21/12/2024,"Bellerive Oval, Hobart",Perth Scorchers,Hobart Hurricanes,Hobart Hurricanes,field,Hobart Hurricanes
1443064,21/12/2024,Sydney Showground Stadium,Sydney Thunder,Sydney Sixers,Sydney Sixers,field,Sydney Sixers
1443065,22/12/2024,"Brisbane Cricket Ground, Woolloongabba, Brisbane",Adelaide Strikers,Brisbane Heat,Brisbane Heat,field,Brisbane Heat
1443066,23/12/2024,"Docklands Stadium, Melbourne",Perth Scorchers,Melbourne Renegades,Melbourne Renegades,field,Melbourne Renegades
1443067,26/12/2024,Sydney Cricket Ground,Melbourne Stars,Sydney Sixers,Sydney Sixers,field,Sydney Sixers
1443068,26/12/2024,Perth Stadium,Perth Scorchers,Brisbane Heat,Brisbane Heat,field,Perth Scorchers
1443069,27/12/2024,Adelaide Oval,Hobart Hurricanes,Adelaide Strikers,Adelaide Strikers,field,Hobart Hurricanes
1443070,28/12/2024,"Manuka Oval, Canberra",Sydney Thunder,Melbourne Stars,Melbourne Stars,field,Sydney Thunder
1443071,29/12/2024,"Brisbane Cricket Ground, Woolloongabba, Brisbane",Brisbane Heat,Sydney Sixers,Sydney Sixers,field,Sydney Sixers
1443072,30/12/2024,Sydney Showground Stadium,Sydney Thunder,Melbourne Renegades,Melbourne Renegades,field,Sydney Thunder
1443073,31/12/2024,Adelaide Oval,Adelaide Strikers,Perth Scorchers,Perth Scorchers,field,Perth Scorchers
1443074,1/01/2025,"Bellerive Oval, Hobart",Hobart Hurricanes,Sydney Sixers,Sydney Sixers,field,Hobart Hurricanes
1443075,1/01/2025,"Brisbane Cricket Ground, Woolloongabba, Brisbane",Brisbane Heat,Melbourne Stars,Melbourne Stars,field,Melbourne Stars
1443076,2/01/2025,"Docklands Stadium, Melbourne",Melbourne Renegades,Adelaide Strikers,Adelaide Strikers,field,Adelaide Strikers
1443078,3/01/2025,Perth Stadium,Perth Scorchers,Sydney Thunder,Sydney Thunder,field,Sydney Thunder
1443079,4/01/2025,Melbourne Cricket Ground,Melbourne Renegades,Melbourne Stars,Melbourne Stars,field,Melbourne Stars
1443080,5/01/2025,"Bellerive Oval, Hobart",Adelaide Strikers,Hobart Hurricanes,Adelaide Strikers,bat,Hobart Hurricanes
1443081,6/01/2025,"Brisbane Cricket Ground, Woolloongabba, Brisbane",Sydney Thunder,Brisbane Heat,Brisbane Heat,field,Brisbane Heat
1443082,7/01/2025,Perth Stadium,Perth Scorchers,Melbourne Renegades,Melbourne Renegades,field,Melbourne Renegades
1443084,9/01/2025,Melbourne Cricket Ground,Melbourne Stars,Sydney Sixers,Sydney Sixers,field,Melbourne Stars
1443085,10/01/2025,"Bellerive Oval, Hobart",Sydney Thunder,Hobart Hurricanes,Hobart Hurricanes,field,Hobart Hurricanes
1443086,11/01/2025,Sydney Cricket Ground,Sydney Sixers,Perth Scorchers,Perth Scorchers,field,Sydney Sixers
1443087,11/01/2025,Adelaide Oval,Adelaide Strikers,Brisbane Heat,Brisbane Heat,field,Adelaide Strikers
1443088,12/01/2025,"Docklands Stadium, Melbourne",Melbourne Stars,Melbourne Renegades,Melbourne Renegades,field,Melbourne Stars
1443089,13/01/2025,Sydney Showground Stadium,Sydney Thunder,Perth Scorchers,Perth Scorchers,field,Sydney Thunder
1443090,14/01/2025,"Bellerive Oval, Hobart",Melbourne Renegades,Hobart Hurricanes,Hobart Hurricanes,field,Hobart Hurricanes
1443091,15/01/2025,Adelaide Oval,Adelaide Strikers,Sydney Sixers,Sydney Sixers,field,Sydney Sixers
1443092,16/01/2025,"Brisbane Cricket Ground, Woolloongabba, Brisbane",Brisbane Heat,Hobart Hurricanes,Hobart Hurricanes,field,Hobart Hurricanes
1443093,17/01/2025,Sydney Cricket Ground,Sydney Thunder,Sydney Sixers,Sydney Sixers,field,
1443094,18/01/2025,"Docklands Stadium, Melbourne",Brisbane Heat,Melbourne Renegades,Melbourne Renegades,field,Melbourne Renegades
1443095,18/01/2025,Perth Stadium,Adelaide Strikers,Perth Scorchers,Perth Scorchers,field,Perth Scorchers
1443096,19/01/2025,Melbourne Cricket Ground,Melbourne Stars,Hobart Hurricanes,Hobart Hurricanes,field,Melbourne Stars
1443097,21/01/2025,"Bellerive Oval, Hobart",Hobart Hurricanes,Sydney Sixers,Sydney Sixers,field,Hobart Hurricanes
1443098,22/01/2025,Sydney Showground Stadium,Sydney Thunder,Melbourne Stars,Melbourne Stars,field,Sydney Thunder
1443099,24/01/2025,Sydney Cricket Ground,Sydney Sixers,Sydney Thunder,Sydney Thunder,field,Sydney Thunder
1443100,27/01/2025,"Bellerive Oval, Hobart",Sydney Thunder,Hobart Hurricanes,Hobart Hurricanes,field,Hobart Hurricanes
